{
  "timestamp": 1781208780.264608,
  "total_trades": 1436,
  "buckets": {
    "0.00-0.50": {
      "trades": 336,
      "wr": 37.797619047619044,
      "pf": 0.5549787624963771,
      "exp": -17.50261904761905,
      "pnl": -5880.88
    },
    "0.50-0.55": {
      "trades": 307,
      "wr": 36.48208469055375,
      "pf": 0.8350926445816956,
      "exp": -5.453061889250815,
      "pnl": -1674.0900000000001
    },
    "0.55-0.60": {
      "trades": 548,
      "wr": 33.21167883211679,
      "pf": 1.1829121461924876,
      "exp": 3.0744160583941604,
      "pnl": 1684.78
    },
    "0.60-0.65": {
      "trades": 170,
      "wr": 37.05882352941177,
      "pf": 0.6028986608254515,
      "exp": -5.534588235294118,
      "pnl": -940.88
    },
    "0.65-0.70": {
      "trades": 65,
      "wr": 38.46153846153847,
      "pf": 1.060039358195801,
      "exp": 0.7650769230769227,
      "pnl": 49.729999999999976
    },
    "0.70-0.75": {
      "trades": 9,
      "wr": 44.44444444444444,
      "pf": 2.220031628887718,
      "exp": 12.857777777777779,
      "pnl": 115.72000000000001
    },
    "0.75+": {
      "trades": 1,
      "wr": 100.0,
      "pf": 99.9,
      "exp": 176.6,
      "pnl": 176.6
    }
  },
  "best_bucket": "0.55-0.60",
  "worst_bucket": "0.00-0.50",
  "is_predictive": true,
  "correlation": 0
}