{
  "scan_count": 2909300,
  "signal_count": 274,
  "start_time": 1783595939.188503,
  "saved_at": 1784303031.8201642
}