{
  "timestamp": 1781208780.425698,
  "total_trades": 1436,
  "exit_types": {
    "Long Hold": {
      "trades": 99,
      "pct": 6.894150417827298,
      "wr": 55.55555555555556,
      "pf": 0.5802581879155473,
      "exp": -16.713737373737374,
      "pnl": -1654.66
    },
    "Quick Exit": {
      "trades": 683,
      "pct": 47.56267409470752,
      "wr": 27.81844802342606,
      "pf": 0.4074665691804098,
      "exp": -12.909707174231333,
      "pnl": -8817.33
    },
    "SL": {
      "trades": 60,
      "pct": 4.178272980501393,
      "wr": 0.0,
      "pf": 0.0,
      "exp": -11.786,
      "pnl": -707.16
    },
    "Unknown": {
      "trades": 594,
      "pct": 41.364902506963794,
      "wr": 45.28619528619529,
      "pf": 1.288258884829984,
      "exp": 7.929511784511785,
      "pnl": 4710.13
    }
  },
  "best_exit": "Unknown",
  "worst_exit": "Long Hold"
}